metric,block_id,date,delta
classification_proper_score,TEST_1,2026-07-29,-0.059742697706775
classification_proper_score,TEST_1,2026-07-30,-0.1352682760977402
classification_proper_score,TEST_1,2026-07-31,-0.1671896564634331
classification_proper_score,TEST_1,2026-08-01,-0.1820752548641969
classification_proper_score,TEST_1,2026-08-02,-0.16117911123025597
classification_proper_score,TEST_1,2026-08-03,-0.0989650587281829
classification_proper_score,TEST_1,2026-08-04,-0.0923293230175822
classification_proper_score,TEST_1,2026-08-05,-0.1533065637961958
classification_proper_score,TEST_1,2026-08-06,-0.1713339319045324
classification_proper_score,TEST_1,2026-08-07,-0.1046986978472849
classification_proper_score,TEST_2,2026-08-09,-0.08835035398071205
classification_proper_score,TEST_2,2026-08-10,-0.06045304565805445
classification_proper_score,TEST_2,2026-08-11,-0.021890617281545212
classification_proper_score,TEST_2,2026-08-12,-0.021723156460603438
classification_proper_score,TEST_2,2026-08-13,-0.13359238085688713
classification_proper_score,TEST_2,2026-08-14,-0.09304563209648739
classification_proper_score,TEST_2,2026-08-15,-0.10690651967576692
classification_proper_score,TEST_2,2026-08-16,-0.04261971012544992
classification_proper_score,TEST_2,2026-08-17,-0.04148151312729399
classification_proper_score,TEST_2,2026-08-18,-0.08773968358879072
point_mape,TEST_1,2026-07-29,-0.05947145784019997
point_mape,TEST_1,2026-07-30,-0.07349738220742531
point_mape,TEST_1,2026-07-31,-0.06702588492596676
point_mape,TEST_1,2026-08-01,-0.07618767559768648
point_mape,TEST_1,2026-08-02,-0.0690827694944997
point_mape,TEST_1,2026-08-03,-0.06774108533551118
point_mape,TEST_1,2026-08-04,-0.060527491349582685
point_mape,TEST_1,2026-08-05,-0.06509694330271003
point_mape,TEST_1,2026-08-06,-0.07191651174547221
point_mape,TEST_1,2026-08-07,-0.09450235222367033
point_mape,TEST_1,2026-08-08,-0.06427283865581764
point_mape,TEST_2,2026-08-09,-0.07219211990752002
point_mape,TEST_2,2026-08-10,-0.0660004641088112
point_mape,TEST_2,2026-08-11,-0.05889606019672587
point_mape,TEST_2,2026-08-12,-0.060299260890954144
point_mape,TEST_2,2026-08-13,-0.06917796043924967
point_mape,TEST_2,2026-08-14,-0.07837952243918152
point_mape,TEST_2,2026-08-15,-0.06523757480498807
point_mape,TEST_2,2026-08-16,-0.058445012074431056
point_mape,TEST_2,2026-08-17,-0.06075318040616849
point_mape,TEST_2,2026-08-18,-0.058629768680312846
point_mape,TEST_2,2026-08-19,-0.0647303476430569
distribution_wis,TEST_1,2026-07-29,-0.029116951885249195
distribution_wis,TEST_1,2026-07-30,-0.03725321743537327
distribution_wis,TEST_1,2026-07-31,-0.030640145756856408
distribution_wis,TEST_1,2026-08-01,-0.03796021478228549
distribution_wis,TEST_1,2026-08-02,-0.0357847364554425
distribution_wis,TEST_1,2026-08-03,-0.03212594207440923
distribution_wis,TEST_1,2026-08-04,-0.031844312172943534
distribution_wis,TEST_1,2026-08-05,-0.03026124501936582
distribution_wis,TEST_1,2026-08-06,-0.03940375649467761
distribution_wis,TEST_1,2026-08-07,-0.04276667766787618
distribution_wis,TEST_1,2026-08-08,-0.033107446040837325
distribution_wis,TEST_2,2026-08-09,-0.03738312955195667
distribution_wis,TEST_2,2026-08-10,-0.0317212318160016
distribution_wis,TEST_2,2026-08-11,-0.02922109856859196
distribution_wis,TEST_2,2026-08-12,-0.028506202287725553
distribution_wis,TEST_2,2026-08-13,-0.03672860860831897
distribution_wis,TEST_2,2026-08-14,-0.03735339281888926
distribution_wis,TEST_2,2026-08-15,-0.028484454078628256
distribution_wis,TEST_2,2026-08-16,-0.028964766472375655
distribution_wis,TEST_2,2026-08-17,-0.02664524029546569
distribution_wis,TEST_2,2026-08-18,-0.027227868739091814
distribution_wis,TEST_2,2026-08-19,-0.0295589661246737
ranking_ndcg5,TEST_1,2026-07-29,-0.18025845834781376
ranking_ndcg5,TEST_1,2026-07-30,-0.17531687204890004
ranking_ndcg5,TEST_1,2026-07-31,-0.165096665243315
ranking_ndcg5,TEST_1,2026-08-01,-0.1762839558655932
ranking_ndcg5,TEST_1,2026-08-02,-0.1825078241025218
ranking_ndcg5,TEST_1,2026-08-03,-0.1669457413324498
ranking_ndcg5,TEST_1,2026-08-04,-0.17281974739913405
ranking_ndcg5,TEST_1,2026-08-05,-0.18575361752151345
ranking_ndcg5,TEST_1,2026-08-06,-0.16428573384371126
ranking_ndcg5,TEST_1,2026-08-07,-0.1546083448336745
ranking_ndcg5,TEST_1,2026-08-08,-0.17355294265369742
ranking_ndcg5,TEST_2,2026-08-09,-0.19549951365302157
ranking_ndcg5,TEST_2,2026-08-10,-0.18234479171143714
ranking_ndcg5,TEST_2,2026-08-11,-0.16146719000895954
ranking_ndcg5,TEST_2,2026-08-12,-0.14795988570081828
ranking_ndcg5,TEST_2,2026-08-13,-0.1344828864434329
ranking_ndcg5,TEST_2,2026-08-14,-0.1557014020850117
ranking_ndcg5,TEST_2,2026-08-15,-0.13784446195695857
ranking_ndcg5,TEST_2,2026-08-16,-0.13339749606349657
ranking_ndcg5,TEST_2,2026-08-17,-0.12607295697274518
ranking_ndcg5,TEST_2,2026-08-18,-0.1453186603668545
ranking_ndcg5,TEST_2,2026-08-19,-0.12877000105407638
policy_regret,TEST_1,2026-07-29,-1936.9414938458945
policy_regret,TEST_1,2026-07-30,939.9867970660147
policy_regret,TEST_1,2026-07-31,-1649.4131229555512
policy_regret,TEST_1,2026-08-01,34.11197626992955
policy_regret,TEST_1,2026-08-02,-8.589220528237062
policy_regret,TEST_1,2026-08-03,0.0
policy_regret,TEST_1,2026-08-04,-1614.881503609659
policy_regret,TEST_1,2026-08-05,0.0
policy_regret,TEST_1,2026-08-06,0.0
policy_regret,TEST_1,2026-08-07,0.0
policy_regret,TEST_2,2026-08-09,-908.3644972451791
policy_regret,TEST_2,2026-08-10,-882.6322930800543
policy_regret,TEST_2,2026-08-11,1689.4394332468569
policy_regret,TEST_2,2026-08-12,3612.3442367601247
policy_regret,TEST_2,2026-08-13,-949.3641073951954
policy_regret,TEST_2,2026-08-14,-5308.545034642032
policy_regret,TEST_2,2026-08-15,-6989.846517119245
policy_regret,TEST_2,2026-08-16,18.16051552431166
policy_regret,TEST_2,2026-08-17,0.0
policy_regret,TEST_2,2026-08-18,0.0
